Workbook

Sheet CRM Data
A1: Customer Name | B1: Company Name | C1: Phone Number | D1: Status | E1: Bill Generate Date | F1: Amount | G1: Collected Amount | H1: Collection Date | I1: Collected By | J1: Pending Amount | K1: Delay Days | L1: Contacted Date | M1: Last Contacted Date | N1: Notes
B2: =IFERROR(VLOOKUP(A2,'Master Data'!$A:$C,2,0),"") | C2: =IFERROR(VLOOKUP(A2,'Master Data'!$A:$C,3,0),"") | J2: =IF(F2="","",F2-G2) | K2: =IF(E2="","",IF(D2="Paid","",TODAY()-INT(E2)))
B3: =IFERROR(VLOOKUP(A3,'Master Data'!$A:$C,2,0),"") | C3: =IFERROR(VLOOKUP(A3,'Master Data'!$A:$C,3,0),"") | J3: =IF(F3="","",F3-G3) | K3: =IF(E3="","",IF(D3="Paid","",TODAY()-INT(E3)))
B4: =IFERROR(VLOOKUP(A4,'Master Data'!$A:$C,2,0),"") | C4: =IFERROR(VLOOKUP(A4,'Master Data'!$A:$C,3,0),"") | J4: =IF(F4="","",F4-G4) | K4: =IF(E4="","",IF(D4="Paid","",TODAY()-INT(E4)))
B5: =IFERROR(VLOOKUP(A5,'Master Data'!$A:$C,2,0),"") | C5: =IFERROR(VLOOKUP(A5,'Master Data'!$A:$C,3,0),"") | J5: =IF(F5="","",F5-G5) | K5: =IF(E5="","",IF(D5="Paid","",TODAY()-INT(E5)))
B6: =IFERROR(VLOOKUP(A6,'Master Data'!$A:$C,2,0),"") | C6: =IFERROR(VLOOKUP(A6,'Master Data'!$A:$C,3,0),"") | J6: =IF(F6="","",F6-G6) | K6: =IF(E6="","",IF(D6="Paid","",TODAY()-INT(E6)))
B7: =IFERROR(VLOOKUP(A7,'Master Data'!$A:$C,2,0),"") | C7: =IFERROR(VLOOKUP(A7,'Master Data'!$A:$C,3,0),"") | J7: =IF(F7="","",F7-G7) | K7: =IF(E7="","",IF(D7="Paid","",TODAY()-INT(E7)))
B8: =IFERROR(VLOOKUP(A8,'Master Data'!$A:$C,2,0),"") | C8: =IFERROR(VLOOKUP(A8,'Master Data'!$A:$C,3,0),"") | J8: =IF(F8="","",F8-G8) | K8: =IF(E8="","",IF(D8="Paid","",TODAY()-INT(E8)))
B9: =IFERROR(VLOOKUP(A9,'Master Data'!$A:$C,2,0),"") | C9: =IFERROR(VLOOKUP(A9,'Master Data'!$A:$C,3,0),"") | J9: =IF(F9="","",F9-G9) | K9: =IF(E9="","",IF(D9="Paid","",TODAY()-INT(E9)))
B10: =IFERROR(VLOOKUP(A10,'Master Data'!$A:$C,2,0),"") | C10: =IFERROR(VLOOKUP(A10,'Master Data'!$A:$C,3,0),"") | J10: =IF(F10="","",F10-G10) | K10: =IF(E10="","",IF(D10="Paid","",TODAY()-INT(E10)))
B11: =IFERROR(VLOOKUP(A11,'Master Data'!$A:$C,2,0),"") | C11: =IFERROR(VLOOKUP(A11,'Master Data'!$A:$C,3,0),"") | J11: =IF(F11="","",F11-G11) | K11: =IF(E11="","",IF(D11="Paid","",TODAY()-INT(E11)))
B12: =IFERROR(VLOOKUP(A12,'Master Data'!$A:$C,2,0),"") | C12: =IFERROR(VLOOKUP(A12,'Master Data'!$A:$C,3,0),"") | J12: =IF(F12="","",F12-G12) | K12: =IF(E12="","",IF(D12="Paid","",TODAY()-INT(E12)))
B13: =IFERROR(VLOOKUP(A13,'Master Data'!$A:$C,2,0),"") | C13: =IFERROR(VLOOKUP(A13,'Master Data'!$A:$C,3,0),"") | J13: =IF(F13="","",F13-G13) | K13: =IF(E13="","",IF(D13="Paid","",TODAY()-INT(E13)))
... B101: =IFERROR(VLOOKUP(A101,'Master Data'!$A:$C,2,0),"") | C101: =IFERROR(VLOOKUP(A101,'Master Data'!$A:$C,3,0),"") | J101: =IF(F101="","",F101-G101) | K101: =IF(E101="","",IF(D101="Paid","",TODAY()-INT(E101)))

Sheet Charts
A1: CRM Dashboard
A3: By Status
A4: Status | B4: Count | C4: Billed | D4: Collected | E4: Pending
A5: Pending | B5: =COUNTIF('CRM Data'!D:D,"Pending") | C5: =SUMIF('CRM Data'!D:D,"Pending",'CRM Data'!F:F) | D5: =SUMIF('CRM Data'!D:D,"Pending",'CRM Data'!G:G) | E5: =SUMIF('CRM Data'!D:D,"Pending",'CRM Data'!J:J)
A6: Paid | B6: =COUNTIF('CRM Data'!D:D,"Paid") | C6: =SUMIF('CRM Data'!D:D,"Paid",'CRM Data'!F:F) | D6: =SUMIF('CRM Data'!D:D,"Paid",'CRM Data'!G:G) | E6: =SUMIF('CRM Data'!D:D,"Paid",'CRM Data'!J:J)
A7: Overdue | B7: =COUNTIF('CRM Data'!D:D,"Overdue") | C7: =SUMIF('CRM Data'!D:D,"Overdue",'CRM Data'!F:F) | D7: =SUMIF('CRM Data'!D:D,"Overdue",'CRM Data'!G:G) | E7: =SUMIF('CRM Data'!D:D,"Overdue",'CRM Data'!J:J)
A8: Partial | B8: =COUNTIF('CRM Data'!D:D,"Partial") | C8: =SUMIF('CRM Data'!D:D,"Partial",'CRM Data'!F:F) | D8: =SUMIF('CRM Data'!D:D,"Partial",'CRM Data'!G:G) | E8: =SUMIF('CRM Data'!D:D,"Partial",'CRM Data'!J:J)
A9: Cancelled | B9: =COUNTIF('CRM Data'!D:D,"Cancelled") | C9: =SUMIF('CRM Data'!D:D,"Cancelled",'CRM Data'!F:F) | D9: =SUMIF('CRM Data'!D:D,"Cancelled",'CRM Data'!G:G) | E9: =SUMIF('CRM Data'!D:D,"Cancelled",'CRM Data'!J:J)
A10: TOTAL | B10: =SUM(B5:B9) | C10: =SUM(C5:C9) | D10: =SUM(D5:D9) | E10: =SUM(E5:E9)
A12: Monthly Trend (Last 6 Months)
A13: Month | B13: Billed | C13: Collected | D13: Pending
A14: Nov 2025 | B14: =SUMPRODUCT((MONTH('CRM Data'!E$2:E$101)=11)*(YEAR('CRM Data'!E$2:E$101)=2025)*('CRM Data'!F$2:F$101)) | C14: =SUMPRODUCT((MONTH('CRM Data'!E$2:E$101)=11)*(YEAR('CRM Data'!E$2:E$101)=2025)*('CRM Data'!G$2:G$101)) | D14: =SUMPRODUCT((MONTH('CRM Data'!E$2:E$101)=11)*(YEAR('CRM Data'!E$2:E$101)=2025)*('CRM Data'!J$2:J$101))
A15: Dec 2025 | B15: =SUMPRODUCT((MONTH('CRM Data'!E$2:E$101)=12)*(YEAR('CRM Data'!E$2:E$101)=2025)*('CRM Data'!F$2:F$101)) | C15: =SUMPRODUCT((MONTH('CRM Data'!E$2:E$101)=12)*(YEAR('CRM Data'!E$2:E$101)=2025)*('CRM Data'!G$2:G$101)) | D15: =SUMPRODUCT((MONTH('CRM Data'!E$2:E$101)=12)*(YEAR('CRM Data'!E$2:E$101)=2025)*('CRM Data'!J$2:J$101))
A16: Jan 2026 | B16: =SUMPRODUCT((MONTH('CRM Data'!E$2:E$101)=1)*(YEAR('CRM Data'!E$2:E$101)=2026)*('CRM Data'!F$2:F$101)) | C16: =SUMPRODUCT((MONTH('CRM Data'!E$2:E$101)=1)*(YEAR('CRM Data'!E$2:E$101)=2026)*('CRM Data'!G$2:G$101)) | D16: =SUMPRODUCT((MONTH('CRM Data'!E$2:E$101)=1)*(YEAR('CRM Data'!E$2:E$101)=2026)*('CRM Data'!J$2:J$101))
A17: Feb 2026 | B17: =SUMPRODUCT((MONTH('CRM Data'!E$2:E$101)=2)*(YEAR('CRM Data'!E$2:E$101)=2026)*('CRM Data'!F$2:F$101)) | C17: =SUMPRODUCT((MONTH('CRM Data'!E$2:E$101)=2)*(YEAR('CRM Data'!E$2:E$101)=2026)*('CRM Data'!G$2:G$101)) | D17: =SUMPRODUCT((MONTH('CRM Data'!E$2:E$101)=2)*(YEAR('CRM Data'!E$2:E$101)=2026)*('CRM Data'!J$2:J$101))
A18: Mar 2026 | B18: =SUMPRODUCT((MONTH('CRM Data'!E$2:E$101)=3)*(YEAR('CRM Data'!E$2:E$101)=2026)*('CRM Data'!F$2:F$101)) | C18: =SUMPRODUCT((MONTH('CRM Data'!E$2:E$101)=3)*(YEAR('CRM Data'!E$2:E$101)=2026)*('CRM Data'!G$2:G$101)) | D18: =SUMPRODUCT((MONTH('CRM Data'!E$2:E$101)=3)*(YEAR('CRM Data'!E$2:E$101)=2026)*('CRM Data'!J$2:J$101))
A19: 👆 Select A4:E9 and insert a Pie or Column chart in Google Sheets | B19: =SUMPRODUCT((MONTH('CRM Data'!E$2:E$101)=4)*(YEAR('CRM Data'!E$2:E$101)=2026)*('CRM Data'!F$2:F$101)) | C19: =SUMPRODUCT((MONTH('CRM Data'!E$2:E$101)=4)*(YEAR('CRM Data'!E$2:E$101)=2026)*('CRM Data'!G$2:G$101)) | D19: =SUMPRODUCT((MONTH('CRM Data'!E$2:E$101)=4)*(YEAR('CRM Data'!E$2:E$101)=2026)*('CRM Data'!J$2:J$101))
A20: 👆 Select A13:D19 and insert a Line chart for the monthly trend

Sheet Master Data
A1: Customer Name | B1: Company Name | C1: Phone Number | E1: Collectors | G1: Status
A2: John Smith | B2: ABC Corp | C2: 9876543210 | E2: Arun | G2: Pending
A3: Jane Doe | B3: XYZ Ltd | C3: 9123456789 | E3: Sunita | G3: Paid
A4: Raj Kumar | B4: Raj Enterprises | C4: 9000011111 | E4: Vikram | G4: Overdue
E5: Priya | G5: Partial
G6: Cancelled
